name,price,sale
短袖,48,1853
夏季新款,19.9,4.3万
短袖,22.5,828
义鼎森日系潮牌潮流纯色竹节棉打底青年,29.9,405
花花公子短袖T,59.9,2330
爸爸夏装中年,39.9,1738
2018夏季新款,99,924
季言2016新品 ,99,22
chic港风ins超火的,45,4257
FTK黑店  自制七龙珠卡通,69,248
夏季纯棉学生短袖,35,4302
季言军装弹力紧身衣运动迷彩短袖,95,85
马克华菲短袖,128,2650
夏季短袖,39,4095
Hodo/红豆,179,378
夏季新款短袖,19.9,704
中国风纹身美女日系潮牌韩版,79,437
季言2017新品夏季做旧休闲圆领短袖修身纯色,99,27
加肥加大码短袖,39,294
花花公子夏季青年短袖,139,2037
士,79,1.3万
短袖,48,1271
花花公子贵宾 ,129,82
2017日系夏季短袖,29.9,641
Hodo/红豆,169,251
士短袖,79,8364
夏季百搭日系条纹宽松韩版中7七分袖五分学生短袖,68,6473
Hodo/红豆2018夏季,299,161
花花公子短袖,98,2383
短袖,69,4864
2018短袖,23.9,4983
短袖,29.9,5.0万
夏季中年短袖,79,833
士短袖,29.5,3147
士短袖,69,4066
(两件装)夏季短袖,39,1630
韩版潮ins字母印花短袖,45,2763
爸爸装中年,79,1452
诺伯乐2018夏季新款镂空透气翻领短袖,238,1545
等雨熊猫短袖,48,329
花花公子贵宾 ,129,90
夏季,59.9,1283
2018夏季新款,49,7597
supreme,139,139
2018新款夏季,19.9,3.0万
夏季新款短袖,22.5,1008
(三件装)夏季短袖,49,782
潮,49,123
花花公子夏季短袖,108,9517
2018夏季新款个性学生体五分袖短袖,68,5668
雅鹿,39.9,462
爷爷夏装中老年人,48,1562
2018夏季,39,3257
2018春夏季新款 韩版,59,1601
瀚瑞中老年条纹短袖,39.9,1428
纺布者潮牌大码,159,109
JEEP,98,67
KERWATS潮牌大码,69,1749
学生印花短袖,55,3422
新款中年,128,24
短袖,39.9,1118
迷彩短袖,88,141
JEEP,98,271
士短袖夏季圆领韩版半袖体恤,19.9,8.7万
七龙珠,79,220
士短袖,14.95,1.1万
2018夏季,19.9,4568
花花公子贵宾 ,129,143
冠军短袖,69.9,6575
夏季短袖,39.9,1.3万
【2件】2018夏季新款,29.9,3980
欧美潮牌BOY LONDON伦敦,49,5256
100%纯棉短袖,24.8,430
TOPONN 2018夏季新品 ,27.9,989
夏季短袖,49,3.5万
日系潮牌牡丹花夏季,79,318
花花公子贵宾,129,73
短袖,49,155
2018新款夏季,29,7736
夏季,29.8,309
港风潮流,29.9,390
士短袖,22.8,6.2万
夏季中年,37,3348
2018新款 ,60,2016
花花公子贵宾,139,34
士短袖,19.8,2435
夏季天篮球服运动,79,186
夏季日系简约青年修身竹节棉,19.9,4837
花花公子贵宾青年,98,847
马克华菲短袖,128,1770
短袖,98,1.7万
短袖,49,2.7万
花花公子贵宾新款短袖,129,110
星空星座夏季短袖,79,480
夏季2018新款短袖,59,7176
桑蚕丝短袖,198,7826
短袖,29.8,24.0万
潮,49,318
爸爸翻领扣子短袖,39.9,2151
莫代尔,35,1843
纯白短袖,19.8,1618
花花公子贵宾纯棉长袖,129,52
高街朋克潮牌流半截五分袖,59,1706
夏季欧美街头潮牌破洞BF风宽松短袖嘻哈五分袖半袖,68,1550
花花公子桑蚕丝短袖,138,1613
衣服打底衫短袖,59,4.8万
ins半袖夏天潮,58,921
港风,38,1052
7分七分,22.8,118
俞兆林夏季爸爸装冰丝短袖,69,2289
超调夏国潮复古嘻哈风短袖,42.9,1402
马克华菲短袖,148,3789
短袖,39,132
个性潮牌半袖拼接不规则衣服宽松嘻哈风潮流五分短袖,68,1141
A字头2018年夏新款潮牌时尚宽松印花圆领,69,116
欧洲站夏季,88,330
夏装爸爸装短袖,59,1.5万
爸爸翻领polo衫,75,1554
夏季短袖,28.8,111
花花公子,98.8,144
name,price,sale
短袖,19.9,316
夏季,69,2128
夏装,68,2349
花花公子短袖,138,1298
贺豹正品夏季军装刺绣中国,38,5883
精神社会小伙体,37.9,1369
英爵伦 短袖,52,2.0万
爸爸短袖,59,908
彬佐2018夏季新款亚麻短袖,138.9,5662
夏季衣服网红,39,3990
季言2017年新品 纯色,99,26
Hodo/红豆,209,404
中老年 冰丝短袖,108,458
夏季短袖,89,6567
新款,69,2784
2018夏季新款短袖,22.5,243
KERWATS大码,69,920
Hodo/红豆,169,76
装2018夏季JEEP OUTDOOR短袖,79,2284
花花公子爸爸短袖,98,835
2018新款夏季,25.9,158
青少年七分袖中袖,21.9,48
加肥加大码,29,2320
科比短袖,19.9,1744
2018夏季,69,2.2万
2018夏季新款短袖,49,2.0万
欧美潮牌mb短袖,69.9,54
士短袖,19.8,1579
花花公子贵宾,179,94
社会青年精神小伙霸气中国龙图腾纹身短袖,59,570
夏季,22.5,317
夏天衣服小清新潮,39.8,657
纯棉夏季加肥加大码条纹短袖,98,1960
二十八间夏季,39,1.9万
KERWATS潮牌大码,89,267
2018大码胖子短袖,79,3.8万
夏季桑蚕丝短袖,88,82
GYgoldlion/金利来GY服饰,239,45
夏季中年,49,1403
7七分袖,25,302
中老年爸爸装短袖,68,394
马克华菲,128,1491
两件套春夏季2018新款韩版,99,1494
简百伦纯色纯棉圆领短袖,49.8,1365
POLO衫,128,486
夏季新款韩版圆领打底衫短袖修身,22.5,128
ins超火短袖情侣装港风创意时间字母印花,48,476
2018新款,99,98
新款夏季潮胖,57,1745
加肥大码,39,242
父亲节爸爸装短袖,99,894
士金丝绒冰丝短袖,88,1257
夏季新款,39.9,20
2018夏季新款,98,158
夏季短袖套装,79,784
花花公子短袖,139,3132
士短袖,59,1169
短袖,39.9,1397
夏季新款胖子加肥加大码短袖,57,980
士,39,181
大话西游,79,121
夏季新款,69,1.9万
夏季,42,9694
GYgoldlion/金利来GY服饰短袖,199,52
夏季短袖,19,3374
港风chic韩风,53,194
青少年短袖,89,171
夏季,68,2942
余文乐同款潮牌情侣短袖 ,59,223
花花公子短袖,139,1141
夏季亚麻短袖,79,6396
Hodo/红豆,169,207
短袖,59,1473
骆驼牌,88,1.3万
夏季短袖,69.9,2943
个性狗头夏季,79,74
KERWATS潮牌大码,69,548
2018夏季新款潮流韩版条纹衬衫五分袖假两件拼接短袖,68,2089
花花公子纯棉短袖,139,2401
素劲2018新款简约,98,106
士短袖,13.9,318
潮,29.9,33
短袖,59,3279
中国风亚麻短袖,85,132
夏季新款,69,3437
士短袖,59,1007
马克华菲polo衫,168,1209
花花公子夏季短袖,139,1246
富贵鸟夏季套装,98,1266
春秋新款短袖圆领,29.9,86
抖音社会人小猪佩奇衣服,79,76
俞兆林爸爸装夏装短袖,69,5519
欧美夏潮牌中长款短袖5分袖中袖7分袖,68,551
夏季短袖,39,9455
士WOW魔兽世界纯棉短袖魔兽,69,356
日系经典远征十字架金枪鱼,59,90
夏季,9.9,82
胖,52,1335
KERWATS潮牌大码,69,910
大圆领,48,822
中老年人运动套装,86,2455
士短袖,9.9,62
2018夏天保罗短袖,79.9,1093
中老年人桑蚕丝短袖,69.9,184
春夏季,29.9,113
中国风京剧戏曲美女,79,106
2018新款夏季,68,3174
网红帅t中袖夏天衣服创意文字社会人,45,497
2018夏潮流韩版卡通短袖,39.9,2716
2018俄罗斯世界杯球衣短袖,29,3475
Hodo/红豆,179,158
夏季宽松五分袖,39,3691
长袖,39.9,139
花花公子短袖,139,1488
2件】短袖,79.9,148
日系原创趣味正方体几何短袖,69,2245
2018夏季chic时髦字母印花短袖,38,2877
日系情侣夏季,19,2.2万
夏季短袖,78,213
夏季,108,33
